book_number,Rating
272,0
491,5
226,0
487,3
1356,6
226,0
969,8
360,6
311,7
3455,10
283,0
210,0
995,0
896,0
710,0
274,0
201,9
376,0
566,0
239,9
307,8
183,7
398,0
332,7
263,6
350,0
275,0
458,8
1937,8
196,5
183,10
373,0
220,0
169,5
458,0
192,0
474,0
167,0
101,0
185,0
159,0
1707,0
2568,0
190,0
264,8
128,0
251,0
507,0
194,0
45,3
178,0
185,0
217,0
257,0
515,0
183,4
125,0
2277,4
180,0
183,7
14,0
287,10
2498,10
125,0
241,0
409,0
197,9
128,0
164,0
224,7
2618,7
289,6
161,0
187,0
193,0
1969,0
138,0
129,8
1703,0
1708,6
92,0
108,6
525,0
176,8
81,7
158,10
109,5
178,0
129,5
156,0
147,7
124,0
1350,0
555,0
2303,0
133,0
2207,0
209,6
147,0
39,0
59,0
110,0
1310,0
181,0
153,0
48,7
131,0
144,0
1319,0
202,8
98,0
168,0
251,10
172,10
125,8
2448,0
165,0
126,0
236,8
93,0
370,8
80,6
11,8
151,6
1929,6
241,8
100,0
190,8
275,7
666,9
381,0
123,0
1314,9
122,10
175,9
75,10
189,9
1579,9
155,10
193,0
148,6
255,9
139,8
16,10
180,9
108,10
150,10
169,8
130,10
80,7
121,0
111,0
125,0
1732,0
453,0
65,0
72,0
338,0
92,7
1725,0
470,0
675,0
72,0
103,9
176,0
84,5
196,0
195,10
95,5
185,0
1710,0
1492,0
283,7
134,0
87,5
7,0
1714,8
246,8
184,7
972,10
223,0
119,0
103,8
242,0
119,8
111,9
98,10
115,9
380,8
101,7
90,10
123,0
120,8
1823,10
116,7
162,9
109,6
155,0
119,0
474,7
208,9
91,0
85,7
2380,6
189,0
93,0
109,0
66,8
187,10
132,0
116,10
155,10
1316,10
94,10
112,9
90,7
70,10
96,10
270,10
20,0
74,0
143,8
163,10
97,5
81,0
131,0
134,0
84,0
845,0
1451,0
117,0
213,0
347,0
87,8
95,0
101,0
249,0
79,0
137,7
235,0
81,0
122,1
197,7
136,5
125,5
97,0
250,0
1379,0
104,0
124,0
99,0
92,0
48,0
96,0
147,0
67,0
4,0
279,0
107,0
353,0
59,0
107,0
61,0
343,0
127,0
111,0
90,0
159,0
17,6
306,0
163,6
177,0
105,0
259,0
116,0
169,0
109,7
32,0
95,8
108,8
145,10
153,10
114,9
312,6
122,8
99,0
154,0
117,9
193,0
18,10
74,8
299,9
2573,8
69,6
145,9
162,9
155,9
1248,9
69,6
178,8
1369,0
117,9
113,8
52,10
198,3
61,8
102,0
94,9
96,7
71,0
201,3
129,5
113,0
134,0
128,4
95,8
107,7
65,0
101,5
78,0
69,0
152,0
274,0
80,5
138,0
96,0
91,6
84,8
111,8
94,7
76,4
312,3
107,10
81,8
182,8
107,7
32,7
129,8
98,0
38,0
1726,8
139,0
120,0
54,6
163,7
1474,0
348,0
77,0
211,0
98,0
99,0
29,7
1053,6
153,0
87,0
126,0
372,6
40,8
135,0
221,0
1787,0
231,0
79,4
72,8
72,0
38,0
82,0
55,8
85,8
76,7
130,2
55,6
197,6
155,0
1384,0
88,0
207,8
93,8
99,6
232,7
54,0
86,0
69,7
93,0
86,6
127,5
133,0
93,9
75,6
1974,0
40,0
115,0
73,10
88,0
371,10
69,5
364,10
61,10
131,5
143,0
425,8
12,5
1865,0
76,8
112,9
64,9
77,6
118,6
94,0
161,0
99,7
147,8
1341,0
82,10
78,0
174,0
137,0
71,7
76,6
133,0
77,0
76,0
84,0
428,0
92,5
131,0
728,0
65,0
153,0
157,8
191,0
218,0
73,0
73,0
82,0
168,0
63,0
68,0
246,8
140,9
110,0
80,0
61,0
244,6
150,0
1106,0
143,0
149,0
80,0
75,0
122,0
102,0
97,0
41,0
43,0
109,0
129,0
63,0
132,0
79,8
210,0
34,0
141,0
1449,0
53,0
44,0
9,0
80,0
123,0
129,0
1208,5
187,0
78,0
104,5
8,9
165,0
127,9
558,9
1654,0
42,0
90,0
46,0
125,0
84,0
1072,8
69,8
122,0
162,0
721,0
37,0
67,0
99,0
152,0
141,0
65,0
161,0
1033,0
1017,0
144,0
125,0
108,0
36,0
221,4
63,0
63,0
94,0
78,0
57,0
90,0
71,0
129,0
34,0
83,0
1235,0
80,0
80,0
52,0
1416,10
78,0
125,0
123,0
113,10
56,5
15,0
76,5
95,0
97,7
62,0
1762,10
805,10
601,10
74,0
102,0
47,0
89,0
84,0
92,0
76,0
53,0
11,10
45,5
280,8
63,8
146,0
383,6
181,0
1167,0
75,0
58,5
54,5
95,10
93,8
135,0
105,0
3,0
143,0
102,0
88,0
918,0
1682,0
82,0
48,8
90,0
32,0
60,0
94,0
90,8
71,8
96,5
136,0
88,3
109,5
202,3
78,5
124,0
1039,5
127,6
156,0
44,0
102,10
64,0
185,7
65,8
67,6
44,0
65,0
107,10
101,2
53,8
1240,0
67,0
586,0
157,0
77,0
82,0
117,0
1887,8
108,5
162,6
82,0
1,5
257,0
63,3
49,0
24,7
278,5
7,0
54,6
123,0
33,0
339,0
164,10
119,0
915,0
42,0
65,6
69,5
1717,3
106,0
103,0
75,0
115,0
111,0
73,6
39,0
57,0
39,7
88,7
229,7
66,9
80,9
77,9
132,9
86,0
239,9
14,0
271,7
76,9
771,10
113,0
245,8
2,0
77,0
60,0
74,0
634,8
43,0
119,8
107,10
1075,7
782,0
75,0
231,0
92,8
63,10
58,0
104,0
133,10
83,0
83,0
47,0
83,0
83,0
254,0
101,0
112,0
41,0
62,0
243,0
145,7
876,0
429,8
83,0
79,0
154,0
76,0
70,6
79,6
74,0
709,0
132,6
124,0
105,0
63,10
61,10
85,0
38,10
37,10
51,9
62,0
122,5
61,9
122,0
47,0
109,0
111,6
49,0
75,0
1691,8
63,0
572,5
173,10
134,8
114,7
132,8
1903,8
65,9
194,10
155,7
64,0
62,9
96,0
61,0
1108,0
139,9
101,9
11,0
221,10
45,9
34,9
24,0
83,9
101,9
67,9
151,0
109,10
183,0
77,10
107,9
233,9
1,0
93,9
97,9
102,0
69,10
109,10
68,10
73,10
132,7
14,7
61,7
116,8
51,0
153,0
2,8
72,0
99,0
68,0
62,7
60,9
142,7
55,10
34,8
51,0
4,4
58,6
57,5
48,0
37,9
63,4
74,2
134,7
104,6
101,0
105,9
68,6
63,6
134,2
301,8
1129,0
57,8
842,7
689,6
51,7
66,9
8,0
40,10
1206,9
79,5
24,10
66,7
452,7
63,8
83,0
91,0
24,6
39,10
112,8
143,8
82,0
7,9
325,0
83,9
116,10
138,0
61,0
44,0
49,0
99,8
298,0
71,0
62,7
17,8
956,0
61,7
11,9
89,0
73,0
38,0
17,8
76,0
47,0
51,2
62,7
104,0
2,0
75,8
118,6
852,5
170,10
91,10
110,0
81,7
498,0
52,0
1150,0
60,9
39,8
557,7
53,3
38,8
101,6
112,7
1,5
49,6
89,0
66,4
79,9
1088,0
120,5
52,0
54,4
31,8
42,8
28,0
51,8
48,10
79,5
67,0
88,7
111,9
80,6
49,9
87,10
861,8
73,6
38,9
83,9
48,5
48,7
58,5
34,8
148,10
76,5
119,10
109,7
96,0
215,8
127,10
40,10
59,5
388,8
97,4
35,0
62,5
55,5
218,0
59,5
534,0
52,0
124,8
144,0
103,9
29,9
43,9
69,5
134,6
33,8
57,0
146,7
59,6
68,8
37,8
98,0
57,0
98,0
151,0
100,10
836,9
104,0
20,0
130,0
460,0
50,8
28,0
65,0
73,0
69,0
66,0
64,7
112,0
76,5
63,0
98,5
125,0
69,0
82,6
121,7
95,5
94,0
74,0
95,4
85,0
78,5
126,7
58,0
22,8
64,6
26,7
87,7
71,7
63,0
70,0
187,5
1085,6
105,0
81,6
61,8
46,0
88,5
138,0
34,7
42,0
132,7
66,0
66,5
67,0
49,0
56,0
71,0
63,0
80,0
105,0
14,0
93,7
97,6
76,6
40,5
766,0
2,0
665,7
30,6
118,7
74,6
38,5
110,0
131,10
55,7
83,0
64,0
75,0
1363,0
73,0
196,0
52,0
3,0
856,0
64,0
64,0
48,0
47,0
70,0
36,0
819,0
57,4
115,0
138,0
39,0
170,0
60,5
44,6
36,0
49,0
77,0
42,0
67,0
427,0
23,0
66,9
66,9
114,0
57,7
90,0
22,0
115,9
86,0
33,0
71,0
34,0
26,0
76,8
89,8
88,7
119,10
359,0
107,0
71,9
94,0
172,9
91,8
37,0
46,0
54,0
85,10
38,7
59,0
64,0
45,0
28,0
55,0
208,7
51,0
87,6
59,8
78,5
37,7
119,4
78,0
92,0
32,0
831,0
83,0
96,0
18,0
83,0
39,0
49,0
62,0
60,0
83,0
35,0
59,0
12,0
51,0
152,0
49,0
114,0
216,0
29,0
44,0
60,9
63,0
84,0
721,0
83,0
50,0
59,0
62,0
77,0
58,0
65,0
48,0
650,0
102,0
146,0
46,8
28,0
115,4
134,0
33,0
2,8
123,0
46,0
465,10
20,0
74,0
79,0
789,0
115,0
37,0
105,0
91,0
61,0
501,0
32,0
20,0
54,0
92,0
1265,0
104,0
53,10
40,0
60,0
84,0
140,0
82,0
50,0
521,0
21,0
41,0
41,0
5,0
970,0
434,0
43,0
45,0
121,0
73,0
56,9
942,0
102,0
57,0
2,0
67,0
21,0
25,0
46,0
99,0
3,0
21,0
143,0
43,10
58,0
38,0
1101,10
74,10
119,0
119,0
109,10
53,0
33,10
3,0
47,0
51,10
52,0
37,0
76,0
47,0
65,0
102,0
51,0
61,0
38,0
39,0
99,0
28,0
86,0
79,0
30,0
238,0
155,0
32,0
83,0
57,0
42,0
81,0
1579,0
67,0
44,0
45,0
65,0
100,0
111,0
59,10
34,0
97,0
73,0
927,0
105,0
85,0
54,0
82,0
30,0
406,0
46,0
70,10
9,0
106,7
138,0
49,0
89,0
89,0
49,0
84,0
43,0
66,0
10,8
55,7
19,8
45,0
55,0
87,6
41,8
941,8
120,8
25,8
553,8
122,8
50,0
203,0
90,0
59,9
52,9
842,9
40,8
20,8
68,8
40,8
35,8
50,6
54,9
88,8
78,9
75,8
75,9
70,9
44,9
42,9
39,9
66,8
48,7
57,0
62,10
36,9
93,8
60,7
98,8
53,8
269,8
13,8
21,8
65,8
89,8
56,8
107,8
84,8
146,7
130,8
59,8
113,7
39,7
59,7
162,7
48,10
67,0
72,7
56,9
116,9
66,9
60,7
142,0
116,8
55,7
36,9
25,6
54,0
45,0
40,8
67,7
124,6
72,7
38,5
56,0
3,7
53,10
41,6
52,10
53,7
59,7
830,3
56,5
127,8
43,0
48,0
52,0
103,8
19,0
109,10
66,0
56,8
52,0
22,10
44,0
83,5
42,0
97,9
59,9
80,8
40,7
43,5
104,10
56,0
94,0
40,6
56,8
65,0
56,7
39,0
56,0
69,8
77,0
81,0
68,5
1004,7
40,8
70,8
43,0
131,5
106,7
117,0
46,5
73,4
98,5
27,0
56,0
46,8
1306,9
1,7
47,9
82,0
51,10
107,8
30,4
59,7
71,6
52,8
65,5
343,9
35,0
30,6
63,0
62,0
117,0
61,7
12,0
60,0
76,0
37,9
35,8
69,7
72,0
17,0
40,5
32,5
13,7
67,6
193,8
107,10
60,8
105,4
121,0
59,1
31,8
12,0
138,5
68,5
109,5
81,10
51,3
42,6
85,7
6,0
64,0
33,0
75,0
71,0
2,0
72,0
103,0
80,0
4,6
4,0
34,0
94,0
60,0
38,0
37,0
101,8
59,7
48,0
82,0
16,0
157,0
33,0
98,0
69,0
79,4
52,0
73,0
54,0
72,0
13,0
8,0
33,7
82,0
56,0
111,6
57,0
18,0
296,0
103,0
38,0
57,0
94,0
47,0
35,0
89,0
55,0
18,0
1,0
89,0
35,0
123,5
98,4
60,5
50,4
83,0
77,0
39,0
85,0
86,0
983,0
37,6
1056,0
118,5
89,8
44,0
36,4
87,7
52,8
38,9
60,8
37,0
85,0
45,7
28,0
62,6
98,4
63,6
31,0
7,0
50,0
86,0
416,0
38,8
31,0
141,10
105,0
80,8
76,0
639,0
55,10
55,0
60,0
79,0
94,7
178,0
166,0
36,0
42,0
77,0
71,0
51,0
51,0
7,9
50,0
635,0
56,8
35,0
14,0
72,0
24,0
51,0
74,8
93,0
918,0
139,0
36,0
87,6
73,0
104,8
62,7
58,0
27,0
7,8
49,0
90,0
112,10
46,0
146,0
61,0
66,10
31,0
61,0
41,0
154,0
116,10
58,0
602,0
22,8
56,0
749,0
46,0
86,0
57,0
103,0
75,0
264,0
58,0
118,0
423,0
86,0
44,8
30,0
55,0
800,8
59,0
64,0
133,0
20,0
75,0
52,0
65,0
90,0
73,0
57,0
76,0
47,0
48,0
39,0
35,0
41,0
87,0
126,10
146,0
42,0
48,0
49,0
56,0
42,0
62,0
64,0
51,0
70,0
680,9
42,0
54,0
41,0
59,0
68,0
330,9
28,0
62,0
83,0
79,8
529,0
30,0
19,0
2,0
45,0
139,9
50,9
95,0
127,0
77,0
80,0
62,0
82,0
15,9
603,0
47,0
92,9
34,0
43,9
76,8
88,0
36,8
46,0
93,0
51,0
110,0
78,7
58,7
58,0
113,0
78,0
82,0
207,0
45,0
96,7
146,10
20,9
78,0
13,8
880,0
43,0
115,0
39,9
20,0
41,0
47,0
80,8
120,0
39,0
60,0
113,9
82,0
36,0
11,0
97,0
63,0
798,0
36,0
187,0
75,0
12,0
49,0
12,0
118,7
28,0
846,0
34,0
61,0
69,0
39,0
33,0
50,0
55,5
51,0
59,0
136,0
86,0
65,0
30,0
61,0
44,0
13,0
39,7
73,0
148,0
41,8
55,0
40,9
19,0
58,0
53,8
56,0
53,0
162,0
66,10
40,5
183,8
139,9
340,8
41,10
656,0
31,0
48,0
35,0
35,0
51,10
42,0
38,0
1,8
18,0
92,0
92,0
53,0
624,0
76,0
672,0
44,0
44,0
187,0
55,0
25,0
18,8
49,0
74,8
25,0
660,10
62,0
67,0
43,0
227,6
55,10
54,0
20,0
60,0
58,0
30,0
29,0
129,0
103,0
114,0
75,9
61,0
54,8
67,8
80,0
76,8
73,0
65,0
66,0
97,0
59,0
12,0
77,0
77,9
35,0
134,0
100,0
39,0
53,10
3296,10
71,0
82,0
41,0
35,10
37,9
37,0
149,0
100,0
75,0
50,0
57,0
65,9
51,0
92,0
33,0
61,0
45,0
44,0
140,0
54,0
43,8
36,0
48,0
45,0
175,0
72,5
34,0
32,0
14,8
87,0
50,8
75,0
71,0
45,0
12,8
63,0
33,9
76,0
74,8
38,0
51,8
68,0
103,0
28,8
20,0
596,0
59,0
29,10
48,10
33,0
17,0
15,9
42,0
68,5
29,0
24,0
48,0
508,0
284,0
18,0
51,8
7,0
17,0
35,0
20,0
33,0
96,0
25,0
39,8
51,8
75,0
92,8
3,9
46,8
151,9
110,9
132,0
33,9
42,8
12,0
63,0
47,0
42,10
41,0
38,7
26,10
37,0
53,8
40,0
48,9
41,0
70,8
45,0
32,0
47,0
39,0
20,0
109,10
62,0
76,0
67,0
62,5
16,0
34,10
69,10
58,8
127,8
32,0
37,0
165,0
30,0
67,0
66,0
30,10
49,0
62,10
51,0
54,10
47,0
91,10
66,0
91,0
43,10
50,0
50,10
58,8
16,0
165,10
67,0
66,10
32,0
52,0
76,10
28,7
80,0
64,0
73,0
51,10
55,0
93,0
33,10
47,0
134,0
33,8
32,0
44,0
55,10
58,10
22,0
22,0
75,0
240,0
832,0
38,6
49,10
57,10
138,6
112,0
1,0
709,0
19,10
501,10
19,10
29,10
26,0
39,10
77,0
43,8
59,0
50,0
405,0
48,7
49,0
49,0
68,0
37,0
82,0
35,0
13,0
44,10
37,0
472,0
96,0
62,0
832,0
65,8
46,0
63,0
139,0
101,5
63,0
56,8
95,0
40,7
82,7
20,0
60,0
33,0
80,6
27,7
50,5
56,9
71,0
47,0
72,0
58,8
43,10
11,7
58,0
45,8
94,8
119,10
133,0
16,0
78,8
59,0
15,0
38,0
45,8
49,0
45,0
25,0
71,0
131,6
39,0
28,6
58,2
426,8
89,6
67,8
76,0
103,10
61,0
36,8
117,0
45,10
20,9
94,8
62,0
39,0
57,0
768,0
47,7
70,7
114,9
31,9
72,9
321,10
77,0
50,0
69,8
51,7
34,10
43,9
123,8
30,0
51,6
26,8
56,0
80,7
101,8
24,6
51,0
53,0
83,0
50,0
90,9
63,6
32,0
60,0
1032,7
33,8
39,7
205,7
32,0
24,10
438,9
42,10
123,9
31,0
33,0
92,10
36,10
61,9
55,8
59,0
92,0
83,6
51,0
146,0
81,0
60,0
86,0
33,0
24,0
5,0
75,0
82,0
205,0
47,0
260,10
131,7
36,0
85,0
48,9
92,0
53,0
25,0
30,9
32,0
49,0
31,0
33,10
33,0
33,0
101,0
63,0
81,0
43,0
95,0
25,0
132,0
81,0
65,0
12,0
35,7
331,0
83,0
70,0
110,0
60,0
86,0
71,0
50,0
44,0
72,0
72,0
72,0
59,0
91,0
83,0
22,0
33,5
44,4
71,2
57,10
12,9
91,0
103,10
48,10
266,10
46,10
32,9
100,10
65,10
20,9
702,10
60,10
43,10
43,9
65,10
37,10
34,10
83,8
52,0
71,0
13,10
11,8
37,9
18,9
30,10
347,10
80,10
11,0
5,8
17,0
63,0
77,0
34,9
49,9
34,0
161,10
32,9
93,9
30,10
53,10
44,0
56,8
41,9
41,0
36,0
52,8
51,8
77,0
61,7
72,9
22,10
140,10
51,10
83,0
26,10
40,10
48,9
36,7
59,0
493,0
77,0
42,0
52,10
86,9
76,0
65,9
37,10
93,0
5,7
30,10
255,8
32,9
163,7
58,8
58,5
39,0
39,8
15,5
102,8
4,0
53,7
41,8
37,3
105,0
55,0
336,8
31,9
71,9
35,8
23,8
29,7
79,9
69,0
68,9
50,8
26,0
35,0
35,0
59,8
31,9
67,8
16,5
23,7
6,7
4,8
632,8
37,8
20,0
57,8
40,8
18,8
16,5
82,9
33,0
22,8
245,10
47,10
45,10
123,0
29,10
27,0
81,8
64,0
81,0
102,0
202,7
58,0
58,0
29,0
58,0
86,0
103,0
37,0
109,10
15,0
2,0
39,0
828,0
96,0
142,8
80,0
81,0
99,0
71,5
59,0
33,8
43,0
48,7
40,7
20,0
13,0
81,0
42,6
39,7
74,5
37,9
7,0
30,0
74,0
34,8
51,10
30,7
30,0
240,8
1101,8
39,10
57,0
60,0
56,8
60,0
71,0
14,0
24,8
79,0
38,0
87,0
23,0
66,6
63,0
71,6
85,2
37,8
27,6
50,8
75,0
70,10
123,0
201,8
35,0
70,10
45,9
37,8
33,0
38,0
314,0
34,0
40,7
39,7
52,9
73,9
41,9
21,10
29,0
31,0
25,8
99,7
58,10
57,9
39,8
27,0
38,6
54,8
79,0
57,7
429,8
37,6
41,0
39,0
7,0
71,0
14,9
34,6
32,0
79,0
96,7
260,8
22,7
45,7
33,0
63,10
101,9
44,10
607,9
71,0
42,0
32,10
30,10
126,9
32,8
63,0
41,0
29,6
136,0
60,0
45,0
61,0
43,0
49,0
79,0
47,0
40,0
74,0
68,0
49,0
59,10
67,7
73,0
83,0
13,9
25,0
15,0
17,0
64,9
30,0
596,0
102,0
34,10
89,0
91,0
34,0
658,0
52,0
80,0
40,0
3,0
54,0
16,0
50,0
40,0
108,7
110,0
35,0
53,0
762,0
32,0
32,0
50,0
103,0
64,0
849,0
34,0
33,0
42,0
98,0
437,0
58,0
34,5
26,4
2,2
14,10
75,9
96,0
37,10
195,10
22,10
38,10
50,9
37,10
67,10
47,9
52,10
94,10
71,10
53,9
12,10
51,10
36,10
58,8
62,0
39,0
12,10
90,8
32,9
15,9
70,10
2,10
91,10
47,0
67,8
68,0
50,0
194,0
56,9
66,9
125,0
18,10
114,9
25,9
12,10
61,10
76,0
86,8
31,9
45,0
47,0
55,8
111,8
6,0
29,7
68,9
55,10
45,10
57,10
50,0
33,10
28,10
41,9
77,7
42,0
139,0
59,0
54,0
28,10
15,9
62,0
22,9
11,10
53,0
129,7
53,10
46,8
36,9
37,7
58,8
43,5
53,0
20,8
59,5
31,8
29,0
99,7
63,8
90,3
74,0
42,0
13,8
42,9
19,9
19,8
45,8
86,7
31,9
92,0
46,9
65,8
33,0
133,0
75,0
56,8
72,9
4,8
22,5
66,7
54,7
40,8
32,8
75,8
39,0
74,8
100,8
65,8
49,5
6,9
33,0
32,8
63,10
31,10
81,10
302,0
86,10
62,0
22,8
58,0
22,0
37,0
98,7
43,0
483,0
34,0
74,0
33,0
55,0
66,0
100,10
178,0
95,0
72,0
41,0
74,0
36,8
25,0
104,0
42,0
38,5
33,0
216,8
33,0
73,7
76,7
171,0
77,0
74,0
17,6
54,7
7,5
31,9
52,0
63,0
68,0
33,8
20,10
39,7
57,0
67,8
104,8
15,10
18,0
89,0
20,8
3,0
34,0
67,0
371,8
43,0
71,0
76,0
69,0
35,6
45,0
23,6
91,2
727,8
58,6
40,8
70,0
60,10
25,0
127,8
57,0
97,10
13,9
62,8
34,0
26,0
30,0
54,0
72,7
558,7
44,9
65,9
21,9
90,10
96,0
27,0
40,8
37,7
39,10
8,9
58,8
66,0
24,6
19,8
164,0
18,7
10,8
33,6
18,0
50,0
28,0
46,0
42,9
46,6
93,0
81,0
77,7
30,8
39,7
40,7
577,0
101,10
122,9
52,10
61,9
32,0
33,0
98,10
48,10
52,9
50,8
73,0
55,0
49,6
20,0
19,0
48,0
55,0
28,0
63,0
102,0
12,0
39,0
42,0
95,0
26,0
42,10
28,7
55,0
26,0
37,9
27,0
44,0
43,0
20,9
69,0
14,0
79,0
37,10
99,0
54,0
78,0
29,0
79,0
38,0
46,0
96,0
45,0
58,0
208,0
54,0
38,7
1,0
81,0
46,0
5,0
11,0
54,0
78,0
21,0
532,0
45,0
42,0
7,0
70,0
30,0
63,0
30,0
1,5
56,4
61,2
82,10
27,9
59,0
71,10
70,10
42,10
62,10
37,9
38,10
834,10
39,9
28,10
54,10
58,10
38,9
60,10
40,10
34,10
36,8
15,0
37,0
41,10
67,8
17,9
36,9
17,10
51,10
125,10
27,0
63,8
51,0
4,0
42,0
27,9
86,9
47,0
45,10
31,9
685,9
51,10
49,10
20,0
10,8
47,9
55,0
46,0
1,8
61,8
54,0
210,7
29,9
29,10
42,10
102,10
33,0
21,10
66,10
35,9
179,7
76,0
15,0
810,0
46,0
20,10
67,9
45,0
80,9
45,10
25,0
79,7
125,10
49,8
22,9
4,7
108,8
85,5
66,0
8,8
10,5
31,8
99,0
29,7
4,8
105,3
100,0
25,0
29,8
15,9
86,9
36,8
32,8
38,7
304,9
28,0
83,9
24,8
22,0
64,0
32,0
64,8
25,9
20,8
57,5
48,7
49,7
23,8
41,8
17,8
25,0
44,8
87,8
13,8
35,5
39,9
67,0
71,8
47,10
30,10
67,10
17,0
45,10
25,0
89,8
85,0
41,0
39,0
50,7
152,0
42,0
27,0
17,0
23,0
41,0
28,0
18,10
68,0
47,0
44,0
97,0
94,0
46,8
54,0
45,0
67,0
66,5
50,0
72,8
17,0
28,7
27,7
6,0
68,0
55,0
68,6
54,7
42,5
80,9
63,0
66,0
42,0
26,8
51,10
116,7
68,0
48,8
78,8
58,10
60,0
24,0
56,8
36,0
51,0
30,0
47,8
36,0
773,0
131,0
58,0
77,6
54,0
14,6
36,2
31,8
114,6
35,8
43,0
72,10
68,0
57,8
70,0
91,10
62,9
45,8
20,0
8,0
43,0
29,0
14,7
72,7
39,9
21,9
25,9
29,10
74,0
343,0
54,8
45,7
52,10
40,9
26,8
61,0
64,6
44,8
35,0
103,7
40,8
37,6
44,0
15,0
79,0
26,0
21,9
74,6
10,0
48,0
8,7
18,8
79,7
30,7
31,0
38,10
143,9
46,10
29,9
64,0
1,0
36,10
36,10
34,9
73,8
38,0
45,0
32,6
52,0
49,0
37,0
19,0
29,0
42,0
46,0
67,0
27,0
47,0
99,0
11,0
112,10
111,7
50,0
23,0
29,9
566,0
48,0
38,0
172,9
45,0
80,0
33,0
59,10
57,0
27,0
16,0
92,0
36,0
61,0
53,0
66,0
60,0
18,0
52,0
63,0
40,7
529,0
49,0
38,0
37,0
7,0
77,0
48,0
25,0
19,0
43,0
40,0
40,0
35,0
116,0
70,0
92,0
46,5
57,4
74,2
32,10
30,9
76,0
39,10
2,10
55,10
48,10
20,9
79,10
35,10
69,9
57,10
31,10
62,10
42,9
49,10
34,10
44,10
62,8
263,0
42,0
54,10
25,8
56,9
62,9
25,10
25,10
26,10
57,0
65,8
53,0
570,0
61,0
17,9
51,9
72,0
53,10
18,9
84,9
130,10
38,10
10,0
33,8
12,9
18,0
60,0
13,8
93,8
34,0
205,7
38,9
193,10
747,10
37,10
24,0
23,10
30,10
45,9
85,7
1,0
49,0
25,0
44,0
48,10
78,9
32,0
151,9
42,10
43,0
32,7
82,10
46,8
38,9
56,7
64,8
15,5
33,0
140,8
112,5
52,8
35,0
25,7
27,8
11,3
14,0
38,0
19,8
1,9
49,9
32,8
81,8
46,7
96,9
66,0
51,9
70,8
48,0
65,0
46,0
106,8
29,9
92,8
68,5
24,7
43,7
137,8
303,8
42,8
145,0
555,8
13,8
29,8
61,5
41,9
214,0
36,8
71,10
442,10
65,10
79,0
56,10
45,0
17,8
93,0
8,0
45,0
62,7
75,0
39,0
45,0
5,0
62,0
40,0
16,0
33,10
135,0
19,0
102,0
104,0
36,0
46,8
54,0
28,0
64,0
52,5
35,0
67,8
60,0
54,7
62,7
32,0
75,0
71,0
135,6
31,7
63,5
136,9
57,0
56,0
9,0
123,8
19,10
69,7
31,0
41,8
74,8
45,10
187,0
317,0
30,8
97,0
24,0
59,0
72,8
27,0
88,0
38,0
23,0
36,6
21,0
19,6
7,2
70,8
40,6
73,8
1,0
40,10
101,0
76,8
42,0
81,10
57,9
76,8
36,0
33,0
55,0
45,0
65,7
121,7
20,9
68,9
28,9
24,10
39,0
53,0
47,8
29,7
34,10
53,9
36,8
46,0
70,6
55,8
38,0
22,7
87,8
51,6
28,0
39,0
39,0
23,0
37,9
21,6
25,0
63,0
91,7
76,8
112,7
18,7
63,0
24,10
63,9
7,10
39,9
66,0
30,0
63,10
29,10
25,9
355,8
87,0
448,0
74,6
37,0
31,0
32,0
23,0
45,0
84,0
5,0
35,0
6,0
76,0
36,0
21,0
28,10
33,7
45,0
211,0
7,9
24,0
36,0
53,0
62,9
43,0
36,0
34,0
23,10
49,0
57,0
29,0
67,0
84,0
29,0
20,0
54,0
58,0
27,0
35,0
43,0
15,7
202,0
31,0
54,0
522,0
843,0
37,0
74,0
26,0
11,0
18,0
139,0
28,0
53,0
42,0
14,0
62,0
52,5
37,4
49,2
46,10
9,9
66,0
32,10
11,10
66,10
83,10
53,9
21,10
92,10
69,9
25,10
68,10
23,10
3,9
41,10
48,10
10,10
26,8
32,0
49,0
17,10
37,8
56,9
69,9
57,10
31,10
53,10
45,0
44,8
10,0
49,0
34,0
36,9
35,9
598,0
24,10
31,9
17,9
64,10
57,10
52,0
68,8
36,9
2,0
36,0
6,8
27,8
77,0
41,7
94,9
79,10
132,10
2,10
3,0
38,10
56,10
33,9
39,7
38,0
27,0
30,0
42,0
22,10
26,9
41,0
35,9
26,10
51,0
54,7
21,10
35,8
28,9
64,7
55,8
253,5
22,0
33,8
134,5
19,8
661,0
50,7
50,8
61,3
70,0
31,0
87,8
18,9
68,9
57,8
38,8
59,7
39,9
48,0
32,9
97,8
80,0
14,0
49,0
171,8
26,9
22,8
49,5
49,7
74,7
17,8
664,8
20,8
650,0
145,8
21,8
40,8
123,5
15,9
30,0
45,8
129,10
107,10
69,10
34,0
25,10
30,0
37,8
96,0
29,0
30,0
81,7
232,0
44,0
94,0
24,0
101,0
57,0
262,0
32,10
77,0
86,0
24,0
117,0
41,0
24,8
86,0
64,0
55,0
21,5
72,0
47,8
40,0
341,7
45,7
26,0
1,0
57,0
18,6
50,7
19,5
64,9
38,0
37,0
29,0
88,8
27,10
111,7
16,0
55,8
21,8
38,10
5,0
44,0
85,8
24,0
54,0
68,0
4,8
43,0
64,0
10,0
18,0
42,6
26,0
220,6
94,2
20,8
50,6
52,8
37,0
667,10
34,0
146,8
407,0
37,10
54,9
22,8
81,0
51,0
49,0
69,0
22,7
49,7
39,9
22,9
41,9
17,10
40,0
40,0
76,8
67,7
26,10
21,9
57,8
64,0
409,6
27,8
167,0
28,7
56,8
26,6
24,0
60,0
7,0
18,0
40,9
75,6
61,0
43,0
24,7
26,8
37,7
14,7
43,0
21,10
37,9
94,10
42,9
60,0
9,0
59,10
749,10
41,9
49,8
133,0
57,0
67,6
25,0
25,0
57,0
61,0
96,0
152,0
7,0
16,0
33,0
56,0
5,0
59,0
55,10
23,7
20,0
123,0
47,9
31,0
52,0
67,0
25,9
52,0
23,0
66,0
16,10
13,0
80,0
53,0
55,0
36,0
9,0
32,0
22,0
64,0
23,0
44,0
63,0
80,7
364,0
42,0
19,0
18,0
55,0
48,0
29,0
16,0
76,0
55,0
29,0
22,0
54,0
61,0
61,0
44,0
23,5
71,4
35,2
32,10
25,9
54,0
57,10
1,10
26,10
78,10
53,9
52,10
475,10
66,9
29,10
91,10
86,10
388,9
67,10
104,10
23,10
40,8
192,0
47,0
61,10
30,8
680,9
111,9
18,10
31,10
25,10
12,0
76,8
39,0
13,0
30,0
31,9
77,9
7,0
32,10
34,9
55,9
45,10
44,10
54,0
64,8
41,9
41,0
44,0
21,8
22,8
72,0
83,7
55,9
56,10
66,10
12,10
32,0
36,10
37,10
14,9
6,7
51,0
28,0
37,0
32,0
34,10
14,9
22,0
15,9
58,10
89,0
83,7
31,10
641,8
105,9
37,7
50,8
33,5
117,0
34,8
14,5
46,8
20,0
79,7
82,8
64,3
30,0
61,0
66,8
7,9
67,9
32,8
32,8
6,7
25,9
49,0
33,9
19,8
22,0
64,0
65,0
27,8
49,9
19,8
33,5
38,7
25,7
354,8
24,8
44,8
23,0
87,8
43,8
33,8
44,5
48,9
13,0
56,8
39,10
77,10
233,10
9,0
17,10
41,0
25,8
20,0
57,0
80,0
56,7
56,0
347,0
620,0
72,0
46,0
76,0
44,0
93,10
24,0
57,0
92,0
74,0
39,0
43,8
59,0
55,0
36,0
138,5
6,0
340,8
26,0
149,7
424,7
18,0
49,0
31,0
50,6
18,7
23,5
32,9
28,0
42,0
65,0
54,8
37,10
40,7
20,0
14,8
8,8
27,10
52,0
41,0
25,8
47,0
98,0
43,0
63,8
56,0
23,0
44,0
22,0
11,6
71,0
19,6
141,2
6,8
109,6
431,8
54,0
129,10
19,0
1,8
72,0
16,10
16,9
139,8
125,0
3,0
33,0
48,0
18,7
51,7
37,9
31,9
42,9
90,10
43,0
10,0
81,8
35,7
15,10
75,9
64,8
27,0
27,6
21,8
45,0
67,7
39,8
28,6
39,0
61,0
33,0
5,0
78,9
26,6
61,0
81,0
10,7
84,8
19,7
737,7
26,0
45,10
87,9
52,10
65,9
63,0
77,0
79,10
1,10
35,9
31,8
42,0
21,0
48,6
20,0
51,0
28,0
8,0
71,0
18,0
41,0
79,0
18,0
46,0
83,0
15,0
70,10
25,7
81,0
60,0
30,9
43,0
43,0
461,0
64,9
12,0
39,0
74,0
29,10
45,0
14,0
52,0
10,0
38,0
38,0
42,0
31,0
31,0
51,0
19,0
87,0
67,7
23,0
263,0
13,0
34,0
45,0
81,0
69,0
36,0
29,0
25,0
27,0
32,0
15,0
72,0
53,0
41,0
458,5
60,4
98,2
52,10
27,9
46,0
28,10
22,10
88,10
22,10
60,9
41,10
58,10
39,9
36,10
39,10
63,10
23,9
41,10
54,10
14,10
71,8
27,0
38,0
140,10
58,8
47,9
22,9
58,10
23,10
64,10
46,0
13,8
58,0
31,0
155,0
166,9
30,9
71,0
157,10
13,9
50,9
42,10
50,10
33,0
105,8
43,9
27,0
57,0
24,8
36,8
24,0
120,7
46,9
25,10
77,10
49,10
60,0
25,10
39,10
105,9
54,7
447,0
14,0
30,0
34,0
182,10
50,9
20,0
78,9
43,10
57,0
67,7
80,10
40,8
24,9
13,7
80,8
49,5
38,0
599,8
355,5
74,8
55,0
29,7
18,8
53,3
28,0
30,0
73,8
50,9
24,9
80,8
34,8
10,7
52,9
77,0
93,9
71,8
7,0
41,0
129,0
28,8
23,9
5,8
43,5
45,7
24,7
47,8
13,8
85,8
82,0
30,8
6,8
97,8
63,5
46,9
22,0
28,8
8,10
48,10
16,10
37,0
27,10
30,0
20,8
22,0
33,0
96,0
40,7
67,0
26,0
43,0
42,0
43,0
612,0
151,0
52,10
79,0
24,0
15,0
57,0
23,0
27,8
13,0
34,0
137,0
175,5
48,0
78,8
61,0
41,7
62,7
40,0
53,0
14,0
20,6
102,7
36,5
66,9
15,0
53,0
28,0
27,8
7,10
24,7
53,0
4,8
50,8
27,10
3,0
22,0
72,8
3,0
52,0
12,0
34,8
8,0
7,0
33,0
47,0
19,6
48,0
38,6
62,2
4,8
1,6
37,8
27,0
64,10
28,0
46,8
56,0
24,10
48,9
19,8
37,0
67,0
39,0
102,0
352,7
26,7
73,9
156,9
88,9
32,10
29,0
21,0
36,8
17,7
44,10
28,9
34,8
53,0
35,6
51,8
75,0
79,7
27,8
42,6
35,0
57,0
53,0
103,0
19,9
37,6
31,0
68,0
47,7
17,8
25,7
20,7
53,0
48,10
21,9
73,10
455,9
35,0
691,0
1,10
93,10
39,9
142,8
27,0
38,0
72,6
25,0
51,0
43,0
42,0
91,0
89,0
66,0
73,0
17,0
9,0
55,0
18,0
11,10
101,7
13,0
33,0
81,9
77,0
66,0
46,0
39,9
18,0
5,0
31,0
52,10
42,0
26,0
71,0
25,0
14,0
17,0
31,0
50,0
24,0
27,0
255,0
25,0
30,7
121,0
21,0
32,0
17,0
28,0
45,0
26,0
27,0
130,0
9,0
31,0
45,0
24,0
22,0
74,0
39,0
37,5
5,4
37,2
70,10
63,9
48,0
27,10
79,10
23,10
7,10
24,9
14,10
11,10
46,9
12,10
295,10
16,10
14,9
14,10
23,10
49,10
82,8
65,0
199,0
53,10
18,8
23,9
14,9
58,10
100,10
13,10
49,0
40,8
11,0
81,0
42,0
48,9
287,9
2,0
20,10
45,9
40,9
46,10
21,10
78,0
14,8
38,9
48,0
30,0
98,8
32,8
403,0
71,7
62,9
263,10
25,10
14,10
26,0
35,10
39,10
16,9
12,7
40,0
89,0
129,0
25,0
38,10
2,9
59,0
19,9
53,10
33,0
200,7
18,10
63,8
47,9
265,7
47,8
45,5
107,0
1,8
72,5
124,8
48,0
42,7
62,8
28,3
48,0
25,0
39,8
16,9
68,9
116,8
13,8
369,7
46,9
29,0
33,9
47,8
15,0
109,0
38,0
92,8
6,9
20,8
331,5
20,7
60,7
72,8
252,8
62,8
24,0
39,8
41,8
50,8
59,5
61,9
22,0
128,8
32,10
43,10
40,10
206,0
6,10
24,0
44,8
89,0
49,0
68,0
2,7
63,0
26,0
11,0
8,0
7,0
53,0
71,0
23,10
29,0
29,0
66,0
31,0
69,0
23,8
23,0
30,0
15,0
34,5
28,0
24,8
38,0
47,7
27,7
33,0
58,0
12,0
43,6
35,7
92,5
28,9
55,0
25,0
102,0
43,8
336,10
5,7
33,0
52,8
36,8
76,10
108,0
43,0
29,8
67,0
36,0
41,0
30,8
83,0
15,0
36,0
211,0
80,6
24,0
26,6
27,2
76,8
51,6
33,8
32,0
33,10
74,0
415,8
39,0
48,10
31,9
17,8
50,0
11,0
35,0
37,0
34,7
47,7
53,9
51,9
38,9
20,10
29,0
11,0
44,8
41,7
27,10
70,9
74,8
45,0
31,6
109,8
47,0
49,7
21,8
53,6
75,0
6,0
49,0
23,0
61,9
35,6
38,0
91,0
23,7
37,8
84,7
573,7
38,0
49,10
67,9
15,10
65,9
30,0
52,0
22,10
31,10
7,9
10,8
34,0
19,0
61,6
11,0
21,0
54,0
53,0
15,0
81,0
32,0
73,0
94,0
76,0
24,0
38,0
46,10
14,7
71,0
48,0
68,9
26,0
21,0
27,0
37,9
609,0
22,0
55,0
101,10
31,0
35,0
123,0
16,0
152,0
132,0
66,0
30,0
50,0
12,0
19,0
21,0
18,7
79,0
44,0
33,0
35,0
56,0
14,0
32,0
52,0
41,0
24,0
57,0
17,0
94,0
67,0
23,0
39,0
94,5
16,4
24,2
62,10
33,9
67,0
72,10
189,10
52,10
39,10
25,9
34,10
14,10
81,9
27,10
21,10
9,10
75,9
90,10
74,10
24,10
11,8
52,0
26,0
42,10
26,8
14,9
34,9
6,10
43,10
38,10
27,0
41,8
40,0
82,0
377,0
372,9
25,9
67,0
14,10
78,9
84,9
41,10
18,10
76,0
57,8
56,9
112,0
39,0
67,8
11,8
40,0
71,7
7,9
17,10
29,10
82,10
46,0
72,10
21,10
50,9
36,7
29,0
134,0
46,0
59,0
53,10
54,9
49,0
222,9
60,10
24,0
24,7
13,10
37,8
38,9
53,7
34,8
80,5
29,0
33,8
25,5
46,8
73,0
25,7
55,8
10,3
39,0
38,0
45,8
48,9
23,9
132,8
9,8
19,7
22,9
9,0
75,9
31,8
31,0
33,0
47,0
44,8
33,9
51,8
51,5
16,7
21,7
23,8
21,8
31,8
53,0
29,8
34,8
464,8
57,5
21,9
30,0
88,8
27,10
50,10
35,10
81,0
9,10
636,0
49,8
20,0
39,0
21,0
387,7
64,0
16,0
30,0
24,0
148,0
18,0
50,0
135,10
106,0
47,0
57,0
56,0
27,0
47,8
24,0
43,0
45,0
58,5
40,0
34,8
48,0
63,7
31,7
35,0
2,0
24,0
42,6
20,7
44,5
66,9
106,0
45,0
76,0
33,8
31,10
68,7
163,0
49,8
92,8
15,10
138,0
43,0
72,8
49,0
37,0
18,0
51,8
292,0
24,0
52,0
15,0
16,6
58,0
18,6
13,2
149,8
43,6
5,8
52,0
53,10
54,0
31,8
12,0
10,10
22,9
19,8
43,0
28,0
65,0
32,0
41,7
54,7
45,9
29,9
169,9
69,10
21,0
43,0
5,8
19,7
65,10
34,9
68,8
54,0
100,6
48,8
513,0
64,7
30,8
54,6
66,0
7,0
29,0
54,0
47,9
48,6
17,0
73,0
51,7
61,8
282,7
38,7
73,0
42,10
70,9
51,10
47,9
23,0
10,0
25,10
1,10
17,9
31,8
109,0
29,0
64,6
56,0
26,0
659,0
30,0
27,0
38,0
49,0
27,0
35,0
28,0
15,0
20,0
39,10
383,7
201,0
36,0
31,9
49,0
21,0
410,0
20,9
28,0
11,0
28,0
34,10
21,0
26,0
14,0
33,0
11,0
79,0
22,0
626,0
26,0
47,0
46,0
22,0
33,7
13,0
61,0
78,0
65,0
66,0
73,0
538,0
49,0
9,0
19,0
38,0
116,0
10,0
3,0
62,0
37,0
85,5
78,4
27,2
50,10
11,9
45,0
57,10
17,10
14,10
20,10
627,9
73,10
92,10
35,9
48,10
115,10
67,10
14,9
36,10
6,10
37,10
39,8
43,0
56,0
5,10
33,8
72,9
43,9
14,10
74,10
67,10
20,0
47,8
47,0
22,0
54,0
26,9
26,9
29,0
8,10
14,9
14,9
88,10
23,10
5,0
60,8
19,9
45,0
21,0
21,8
38,8
32,0
48,7
29,9
6,10
37,10
23,10
47,0
182,10
63,10
45,9
16,7
27,0
25,0
60,0
17,0
39,10
7,9
32,0
43,9
37,10
18,0
53,7
36,10
60,8
39,9
34,7
22,8
46,5
30,0
64,8
9,5
43,8
15,0
19,7
11,8
16,3
19,0
51,0
27,8
50,9
25,9
63,8
17,8
15,7
92,9
25,0
119,9
267,8
31,0
115,0
7,0
103,8
71,9
40,8
30,5
12,7
41,7
62,8
30,8
11,8
28,0
306,8
16,8
46,8
14,5
38,9
16,0
43,8
21,10
52,10
21,10
39,0
40,10
52,0
30,8
53,0
42,0
9,0
33,7
45,0
71,0
24,0
31,0
81,0
31,0
28,0
84,10
51,0
20,0
44,0
48,0
33,0
23,8
50,0
47,0
35,0
66,5
59,0
44,8
27,0
20,7
52,7
12,0
31,0
41,0
71,6
54,7
71,5
39,9
32,0
35,0
14,0
8,8
15,10
56,7
27,0
8,8
21,8
25,10
37,0
70,0
10,8
38,0
60,0
28,0
37,8
243,0
31,0
12,0
60,0
35,6
45,0
18,6
36,2
20,8
11,6
46,8
22,0
49,10
33,0
46,8
30,0
20,10
4,9
64,8
35,0
43,0
37,0
32,0
26,7
93,7
48,9
18,9
28,9
54,10
240,0
18,0
122,8
27,7
19,10
23,9
9,8
430,0
29,6
100,8
65,0
25,7
51,8
36,6
12,0
50,0
23,0
7,0
33,9
41,6
37,0
30,0
107,7
16,8
16,7
310,7
24,0
9,10
4,9
8,10
46,9
42,0
80,0
74,10
40,10
288,9
70,8
27,0
39,0
59,6
73,0
36,0
35,0
23,0
63,0
17,0
30,0
10,0
106,0
46,0
37,0
42,0
33,10
44,7
15,0
45,0
34,9
31,0
20,0
115,0
36,9
33,0
30,0
58,0
3,10
17,0
46,0
233,0
66,0
104,0
41,0
93,0
42,0
46,0
45,0
45,0
34,0
60,7
42,0
4,0
75,0
47,0
18,0
39,0
61,0
24,0
23,0
53,0
47,0
37,0
12,0
75,0
24,0
33,0
74,5
93,4
55,2
41,10
55,9
96,0
27,10
89,10
53,10
71,10
30,9
47,10
48,10
16,9
101,10
56,10
70,10
40,9
34,10
21,10
548,10
82,8
53,0
44,0
40,10
61,8
19,9
59,9
10,10
59,10
12,10
26,0
52,8
33,0
11,0
43,0
18,9
31,9
46,0
23,10
29,9
39,9
1,10
16,10
28,0
18,8
48,9
647,0
191,0
53,8
17,8
40,0
73,7
80,9
22,10
75,10
23,10
60,0
130,10
17,10
59,9
53,7
3,0
18,0
84,0
27,0
54,10
75,9
30,0
17,9
52,10
25,0
31,7
41,10
25,8
20,9
64,7
26,8
34,5
37,0
12,8
22,5
66,8
53,0
94,7
30,8
39,3
26,0
19,0
26,8
56,9
66,9
42,8
36,8
59,7
64,9
42,0
60,9
65,8
60,0
35,0
11,0
7,8
54,9
29,8
14,5
52,7
28,7
52,8
25,8
14,8
54,0
25,8
13,8
48,8
9,5
39,9
21,0
15,8
31,10
45,10
435,10
6,0
62,10
80,0
17,8
49,0
48,0
33,0
11,7
133,0
46,0
18,0
74,0
12,0
37,0
30,0
18,10
31,0
28,0
2,0
41,0
70,0
49,8
1,0
12,0
67,0
15,5
61,0
29,8
36,0
43,7
53,7
19,0
49,0
9,0
40,6
20,7
21,5
5,9
44,0
80,0
44,0
53,8
20,10
27,7
25,0
21,8
29,8
34,10
60,0
62,0
129,8
160,0
63,0
32,0
110,8
19,0
7,0
5,0
37,0
78,6
9,0
29,6
42,2
27,8
49,6
50,8
26,0
65,10
37,0
35,8
44,0
58,10
33,9
49,8
28,0
26,0
25,0
38,0
5,7
80,7
41,9
32,9
16,9
46,10
38,0
11,0
46,8
66,7
18,10
39,9
26,8
31,0
80,6
86,8
30,0
11,7
30,8
25,6
25,0
102,0
52,0
14,0
63,9
2,6
21,0
37,0
66,7
58,8
74,7
68,7
9,0
326,10
111,9
25,10
74,9
42,0
35,0
43,10
31,10
28,9
66,8
76,0
20,0
46,6
55,0
35,0
46,0
38,0
90,0
22,0
26,0
57,0
72,0
39,0
35,0
37,0
74,10
126,7
29,0
37,0
78,9
13,0
52,0
14,0
36,9
38,0
9,0
68,0
19,10
12,0
63,0
35,0
59,0
77,0
6,0
35,0
37,0
47,0
72,0
19,0
32,0
84,7
39,0
13,0
88,0
56,0
32,0
46,0
76,0
79,0
32,0
49,0
22,0
13,0
60,0
53,0
14,0
55,0
4,5
71,4
25,2
29,10
50,9
5,0
113,10
38,10
64,10
32,10
118,9
2,10
56,10
58,9
594,10
40,10
6,10
38,9
283,10
73,10
39,10
256,8
26,0
35,0
49,10
7,8
45,9
77,9
14,10
33,10
17,10
45,0
16,8
20,0
75,0
18,0
239,9
39,9
19,0
49,10
84,9
38,9
24,10
66,10
27,0
5,8
32,9
19,0
24,0
57,8
30,8
70,0
85,7
52,9
17,10
74,10
47,10
121,0
20,10
31,10
32,9
49,7
27,0
68,0
16,0
55,0
14,10
6,9
25,0
604,9
28,10
20,0
22,7
52,10
16,8
82,9
51,7
39,8
23,5
6,0
41,8
24,5
19,8
8,0
14,7
11,8
23,3
38,0
31,0
28,8
308,9
32,9
54,8
89,8
28,7
55,9
27,0
18,9
19,8
42,0
64,0
65,0
76,8
45,9
30,8
36,5
78,7
23,7
13,8
7,8
51,8
25,0
27,8
43,8
16,8
62,5
15,9
35,0
33,8
29,10
31,10
25,10
55,0
47,10
26,0
57,8
42,0
17,0
34,0
64,7
26,0
33,0
52,0
63,0
10,0
15,0
31,0
193,10
49,0
44,0
13,0
15,0
8,0
30,8
63,0
8,0
59,0
55,5
16,0
27,8
17,0
18,7
11,7
42,0
64,0
19,0
22,6
74,7
38,5
165,9
55,0
47,0
6,0
13,8
26,10
30,7
30,0
25,8
34,8
36,10
40,0
33,0
635,8
15,0
7,0
24,0
17,8
29,0
19,0
37,0
73,0
13,6
68,0
113,6
36,2
34,8
35,6
26,8
81,0
39,10
50,0
36,8
23,0
38,10
31,9
55,8
55,0
57,0
24,0
273,0
57,7
9,7
2,9
27,9
36,9
25,10
33,0
39,0
15,8
25,7
34,10
39,9
15,8
397,0
31,6
45,8
9,0
37,7
13,8
22,6
57,0
36,0
8,0
52,0
21,9
41,6
33,0
47,0
452,7
34,8
19,7
32,7
50,0
37,10
55,9
15,10
14,9
23,0
19,0
56,10
14,10
31,9
68,8
27,0
1,0
34,6
16,0
31,0
51,0
51,0
17,0
70,0
27,0
37,0
10,0
14,0
93,0
15,0
505,10
32,7
89,0
60,0
53,9
35,0
42,0
14,0
19,9
9,0
20,0
259,0
17,10
81,0
27,0
39,0
56,0
31,0
10,0
24,0
40,0
36,0
24,0
28,0
46,0
11,7
36,0
11,0
46,0
59,0
28,0
7,0
46,0
31,0
23,0
77,0
36,0
17,0
11,0
196,0
23,0
25,0
53,5
40,4
50,2
48,10
32,9
23,0
17,10
40,10
48,10
45,10
119,9
11,10
33,10
52,9
33,10
13,10
37,10
15,9
15,10
63,10
67,10
23,8
54,0
31,0
48,10
15,8
52,9
44,9
49,10
19,10
12,10
177,0
91,8
16,0
46,0
51,0
122,9
85,9
3,0
29,10
29,9
38,9
23,10
15,10
32,0
35,8
35,9
54,0
25,0
82,8
77,8
26,0
32,7
31,9
56,10
27,10
9,10
31,0
37,10
37,10
60,9
10,7
83,0
18,0
44,0
65,0
34,10
15,9
16,0
20,9
37,10
77,0
58,7
38,10
39,8
108,9
25,7
4,8
11,5
253,0
51,8
36,5
36,8
80,0
12,7
27,8
18,3
32,0
91,0
21,8
91,9
56,9
35,8
39,8
19,7
75,9
63,0
56,9
63,8
5,0
13,0
21,0
81,8
61,9
67,8
25,5
89,7
74,7
39,8
50,8
3,8
24,0
14,8
95,8
30,8
118,5
35,9
52,0
30,8
15,10
3,10
10,10
10,0
30,10
83,0
12,8
37,0
38,0
44,0
79,7
63,0
42,0
30,0
75,0
8,0
20,0
47,0
28,10
27,0
24,0
31,0
44,0
44,0
18,8
75,0
10,0
28,0
26,5
23,0
52,8
1,0
63,7
25,7
6,0
95,0
13,0
43,6
63,7
55,5
48,9
2,0
68,0
744,0
62,8
20,10
67,7
42,0
34,8
71,8
15,10
26,0
30,0
260,8
4,0
26,0
9,0
21,8
27,0
28,0
14,0
16,0
24,6
10,0
97,6
15,2
951,8
29,6
29,8
9,0
34,10
171,0
41,8
56,0
210,10
44,9
31,8
5,0
54,0
36,0
19,0
18,7
12,7
605,9
47,9
33,9
43,10
15,0
14,0
63,8
47,7
8,10
12,9
30,8
63,0
48,6
21,8
38,0
31,7
49,8
19,6
7,0
61,0
24,0
34,0
24,9
34,6
48,0
42,0
20,7
37,8
10,7
46,7
41,0
24,10
2,9
74,10
27,9
51,0
68,0
378,10
76,10
27,9
20,8
58,0
39,0
19,6
64,0
243,0
21,0
35,0
44,0
183,0
69,0
41,0
16,0
22,0
33,0
55,0
66,10
34,7
49,0
34,0
36,9
390,0
38,0
5,0
56,9
29,0
49,0
55,0
12,10
30,0
385,0
46,0
28,0
10,0
16,0
41,0
28,0
41,0
33,0
26,0
21,0
27,7
61,0
11,0
23,0
37,0
21,0
34,0
75,0
17,0
26,0
207,0
34,0
35,0
17,0
28,0
1,0
49,0
39,5
56,4
19,2
15,10
424,9
21,0
10,10
40,10
24,10
20,10
59,9
7,10
19,10
18,9
56,10
119,10
44,10
19,9
5,10
15,10
175,10
10,8
11,0
31,0
30,10
17,8
51,9
41,9
49,10
14,10
10,10
28,0
16,8
10,0
19,0
15,0
18,9
28,9
37,0
53,10
29,9
23,9
31,10
53,10
34,0
31,8
46,9
25,0
30,0
61,8
8,8
39,0
40,7
24,9
40,10
42,10
30,10
85,0
15,10
26,10
39,9
57,7
31,0
44,0
40,0
45,0
16,10
40,9
31,0
68,9
42,10
29,0
55,7
71,10
65,8
53,9
23,7
77,8
21,5
15,0
33,8
29,5
53,8
27,0
4,7
58,8
30,3
102,0
21,0
33,8
69,9
30,9
26,8
62,8
30,7
21,9
44,0
34,9
19,8
55,0
22,0
46,0
100,8
26,9
29,8
54,5
21,7
8,7
71,8
9,8
178,8
78,0
25,8
5,8
18,8
5,5
16,9
30,0
28,8
188,10
13,10
88,10
31,0
30,10
8,0
47,8
47,0
29,0
37,0
89,7
32,0
11,0
17,0
234,0
38,0
13,0
473,0
23,10
11,0
18,0
18,0
34,0
4,0
10,8
25,0
57,0
34,0
39,5
10,0
42,8
12,0
281,7
112,7
32,0
47,0
75,0
19,6
82,7
29,5
17,9
75,0
37,0
61,0
73,8
37,10
36,7
47,0
31,8
12,8
23,10
47,0
26,0
48,8
8,0
12,0
23,0
4,8
6,0
72,0
31,0
72,0
38,6
35,0
60,6
19,2
60,8
62,6
7,8
68,0
55,10
40,0
34,8
127,0
26,10
42,9
37,8
16,0
47,0
140,0
575,0
40,7
33,7
8,9
17,9
29,9
256,10
60,0
49,0
16,8
44,7
8,10
64,9
61,8
67,0
52,6
27,8
54,0
31,7
6,8
359,6
48,0
70,0
615,0
36,0
55,9
18,6
91,0
256,0
17,7
36,8
7,7
29,7
66,0
79,10
18,9
18,10
63,9
12,0
11,0
40,10
17,10
34,9
48,8
143,0
204,0
73,6
8,0
134,0
70,0
15,0
36,0
41,0
51,0
11,0
18,0
135,0
9,0
251,0
20,10
37,7
22,0
58,0
72,9
17,0
64,0
37,0
58,9
33,0
8,0
49,0
47,10
14,0
38,0
36,0
53,0
38,0
13,0
29,0
25,0
51,0
39,0
20,0
82,0
31,7
32,0
20,0
30,0
18,0
35,0
47,0
67,0
94,0
24,0
60,0
14,0
22,0
33,0
128,0
22,0
70,0
10,5
31,4
19,2
34,10
81,9
55,0
18,10
24,10
58,10
65,10
117,9
44,10
40,10
58,9
38,10
43,10
27,10
45,9
31,10
30,10
43,10
5,8
6,0
107,0
23,10
29,8
49,9
27,9
8,10
12,10
8,10
52,0
46,8
32,0
469,0
7,0
70,9
13,9
66,0
28,10
66,9
21,9
41,10
32,10
21,0
50,8
203,9
59,0
423,0
40,8
38,8
33,0
73,7
48,9
67,10
22,10
69,10
50,0
294,10
15,10
35,9
77,7
36,0
30,0
30,0
35,0
36,10
58,9
55,0
337,9
46,10
13,0
42,7
98,10
41,8
27,9
47,7
19,8
33,5
8,0
42,8
42,5
26,8
29,0
62,7
31,8
116,3
21,0
47,0
22,8
18,9
109,9
10,8
22,8
10,7
1,9
74,0
6,9
23,8
9,0
27,0
49,0
20,8
53,9
60,8
14,5
23,7
57,7
67,8
49,8
6,8
51,0
24,8
19,8
84,8
62,5
32,9
125,0
33,8
2,10
6,10
73,10
22,0
47,10
128,0
52,8
28,0
19,0
39,0
27,7
29,0
71,0
13,0
35,0
59,0
7,0
30,0
23,10
37,0
22,0
5,0
31,0
18,0
10,8
14,0
42,0
14,0
4,5
31,0
498,8
38,0
16,7
25,7
61,0
71,0
17,0
15,6
15,7
30,5
38,9
18,0
4,0
5,0
25,8
4,10
18,7
12,0
18,8
57,8
22,10
5,0
81,0
45,8
46,0
6,0
47,0
35,8
20,0
86,0
48,0
33,0
33,6
33,0
26,6
12,2
45,8
72,6
98,8
98,0
12,10
69,0
32,8
49,0
18,10
21,9
19,8
5,0
36,0
28,0
30,0
14,7
17,7
28,9
17,9
34,9
14,10
22,0
39,0
28,8
40,7
10,10
23,9
20,8
24,0
19,6
24,8
35,0
42,7
43,8
44,6
34,0
24,0
31,0
18,0
24,9
12,6
26,0
16,0
49,7
43,8
6,7
55,7
20,0
175,10
70,9
27,10
38,9
143,0
73,0
35,10
22,10
65,9
64,8
5,0
186,0
34,6
16,0
15,0
114,0
34,0
6,0
37,0
39,0
63,0
34,0
35,0
581,0
8,0
13,10
17,7
40,0
40,0
376,9
11,0
69,0
61,0
33,9
25,0
41,0
39,0
13,10
52,0
43,0
44,0
43,0
6,0
33,0
39,0
48,0
16,0
36,0
29,0
24,0
21,7
47,0
362,0
21,0
33,0
14,0
5,0
36,0
27,0
34,0
38,0
11,0
24,0
38,0
22,0
64,0
41,0
24,5
29,4
25,2
41,10
33,9
32,0
28,10
58,10
16,10
33,10
40,9
33,10
36,10
35,9
26,10
39,10
15,10
50,9
10,10
44,10
54,10
66,8
21,0
44,0
5,10
72,8
53,9
69,9
21,10
18,10
18,10
56,0
54,8
46,0
54,0
57,0
66,9
25,9
14,0
271,10
52,9
29,9
47,10
12,10
15,0
25,8
28,9
108,0
27,0
51,8
12,8
34,0
47,7
16,9
8,10
34,10
21,10
74,0
5,10
27,10
29,9
36,7
18,0
31,0
33,0
328,0
40,10
14,9
59,0
10,9
39,10
24,0
25,7
9,10
14,8
19,9
23,7
13,8
27,5
11,0
6,8
34,5
50,8
8,0
49,7
56,8
34,3
18,0
8,0
11,8
62,9
12,9
55,8
16,8
34,7
7,9
16,0
35,9
28,8
37,0
86,0
33,0
19,8
19,9
28,8
37,5
20,7
68,7
36,8
27,8
2,8
53,0
20,8
57,8
16,8
30,5
179,9
28,0
57,8
44,10
119,10
34,10
44,0
39,10
474,0
27,8
37,0
113,0
71,0
10,7
18,0
14,0
25,0
47,0
26,0
14,0
14,0
24,10
21,0
23,0
12,0
30,0
14,0
12,8
32,0
54,0
18,0
75,5
47,0
5,8
19,0
24,7
14,7
31,0
19,0
48,0
27,6
28,7
52,5
116,9
52,0
41,0
17,0
25,8
88,10
36,7
38,0
17,8
37,8
37,10
1,0
15,0
59,8
60,0
74,0
36,0
26,8
27,0
20,0
24,0
16,0
31,6
7,0
57,6
53,2
14,8
41,6
39,8
25,0
33,10
49,0
8,8
96,0
71,10
53,9
46,8
20,0
17,0
51,0
31,0
64,7
24,7
32,9
8,9
777,9
20,10
21,0
14,0
25,8
48,7
23,10
39,9
31,8
38,0
26,6
24,8
20,0
33,7
12,8
111,6
103,0
9,0
26,0
37,0
29,9
19,6
31,0
26,0
45,7
24,8
36,7
16,7
40,0
32,10
101,9
13,10
13,9
29,0
30,0
50,10
61,10
55,9
9,8
19,0
25,0
29,6
23,0
38,0
26,0
8,0
78,0
4,0
67,0
20,0
547,0
33,0
19,0
39,0
54,10
18,7
39,0
17,0
22,9
53,0
25,0
63,0
13,9
64,0
41,0
26,0
78,10
10,0
65,0
2,0
271,0
27,0
54,0
20,0
24,0
12,0
9,0
17,0
18,0
40,7
68,0
32,0
42,0
28,0
87,0
54,0
52,0
24,0
53,0
19,0
11,0
37,0
23,0
68,0
27,0
22,0
24,5
35,4
51,2
34,10
85,9
30,0
31,10
4,10
81,10
54,10
45,9
26,10
181,10
14,9
57,10
43,10
40,10
61,9
45,10
59,10
49,10
64,8
21,0
19,0
21,10
32,8
18,9
26,9
25,10
11,10
182,10
21,0
15,8
22,0
12,0
55,0
16,9
10,9
22,0
56,10
54,9
185,9
48,10
12,10
26,0
85,8
66,9
58,0
130,0
40,8
18,8
22,0
19,7
28,9
25,10
56,10
44,10
13,0
21,10
64,10
102,9
18,7
16,0
42,0
33,0
41,0
50,10
45,9
25,0
38,9
23,10
22,0
11,7
39,10
70,8
58,9
54,7
20,8
29,5
37,0
24,8
6,5
28,8
10,0
37,7
4,8
52,3
29,0
14,0
21,8
31,9
46,9
8,8
29,8
53,7
9,9
31,0
7,9
64,8
29,0
38,0
9,0
38,8
12,9
33,8
18,5
29,7
53,7
25,8
3,8
239,8
28,0
17,8
21,8
29,8
15,5
38,9
36,0
14,8
65,10
13,10
22,10
18,0
6,10
80,0
6,8
69,0
11,0
43,0
38,7
68,0
96,0
2,0
34,0
67,0
30,0
22,0
6,10
212,0
45,0
25,0
24,0
25,0
21,8
22,0
13,0
11,0
7,5
11,0
38,8
42,0
23,7
12,7
43,0
85,0
25,0
31,6
52,7
57,5
13,9
32,0
27,0
24,0
15,8
171,10
25,7
37,0
30,8
11,8
158,10
15,0
92,0
14,8
57,0
51,0
41,0
45,8
50,0
28,0
62,0
66,0
27,6
48,0
22,6
38,2
63,8
43,6
25,8
17,0
30,10
18,0
16,8
3,0
20,10
27,9
41,8
37,0
54,0
38,0
9,0
398,7
63,7
55,9
11,9
15,9
19,10
401,0
8,0
15,8
13,7
6,10
47,9
53,8
48,0
63,6
14,8
6,0
14,7
16,8
47,6
45,0
131,0
181,0
15,0
45,9
32,6
29,0
32,0
30,7
15,8
45,7
40,7
14,0
16,10
36,9
68,10
34,9
23,0
89,0
28,10
8,10
92,9
11,8
33,0
20,0
45,6
3,0
6,0
30,0
42,0
33,0
35,0
28,0
25,0
48,0
52,0
22,0
6,0
45,10
19,7
36,0
38,0
27,9
34,0
36,0
22,0
10,9
75,0
7,0
58,0
30,10
48,0
26,0
4,0
34,0
37,0
52,0
24,0
48,0
86,0
33,0
34,0
50,0
55,7
8,0
16,0
30,0
29,0
45,0
31,0
51,0
46,0
14,0
47,0
53,0
40,0
27,0
23,0
18,0
60,0
47,5
90,4
17,2
20,10
163,9
52,0
16,10
56,10
269,10
19,10
32,9
82,10
59,10
12,9
28,10
18,10
35,10
17,9
12,10
42,10
13,10
7,8
20,0
1,0
16,10
19,8
23,9
21,9
18,10
25,10
78,10
21,0
15,8
22,0
16,0
7,0
116,9
25,9
41,0
20,10
170,9
41,9
61,10
86,10
474,0
32,8
36,9
36,0
63,0
35,8
37,8
7,0
14,7
63,9
19,10
42,10
14,10
29,0
34,10
49,10
34,9
16,7
19,0
36,0
81,0
61,0
16,10
24,9
31,0
19,9
29,10
22,0
45,7
23,10
119,8
43,9
18,7
38,8
33,5
81,0
23,8
11,5
19,8
77,0
23,7
34,8
23,3
16,0
35,0
21,8
40,9
47,9
25,8
32,8
9,7
32,9
25,0
30,9
71,8
43,0
58,0
109,0
31,8
57,9
46,8
36,5
25,7
30,7
33,8
161,8
48,8
47,0
3,8
325,8
52,8
16,5
16,9
44,0
26,8
21,10
23,10
60,10
59,0
27,10
57,0
82,8
7,0
43,0
67,0
20,7
77,0
5,0
35,0
48,0
49,0
5,0
13,0
21,10
53,0
18,0
39,0
62,0
24,0
59,8
22,0
22,0
14,0
10,5
58,0
42,8
18,0
17,7
38,7
6,0
32,0
27,0
13,6
23,7
33,5
79,9
35,0
33,0
5,0
11,8
28,10
42,7
38,0
30,8
38,8
23,10
27,0
12,0
18,8
36,0
17,0
9,0
17,8
42,0
35,0
23,0
56,0
62,6
56,0
64,6
18,2
63,8
46,6
24,8
15,0
70,10
74,0
32,8
24,0
13,10
6,9
22,8
14,0
25,0
84,0
22,0
20,7
44,7
37,9
31,9
14,9
18,10
41,0
59,0
20,8
13,7
28,10
39,9
54,8
23,0
25,6
25,8
69,0
4,7
13,8
31,6
22,0
28,0
16,0
14,0
137,9
14,6
23,0
18,0
140,7
42,8
266,7
29,7
20,0
15,10
18,9
29,10
30,9
10,0
9,0
103,10
10,10
62,9
39,8
26,0
19,0
22,6
48,0
26,0
342,0
49,0
34,0
23,0
16,0
8,0
24,0
32,0
39,0
28,0
36,10
117,7
145,0
57,0
220,9
28,0
7,0
41,0
7,9
14,0
72,0
11,0
23,10
46,0
70,0
27,0
46,0
18,0
179,0
14,0
23,0
25,0
11,0
44,0
11,0
21,7
25,0
32,0
58,0
16,0
22,0
14,0
15,0
379,0
24,0
12,0
50,0
76,0
27,0
48,0
47,0
63,0
25,5
2,4
3,2
24,10
5,9
57,0
46,10
20,10
80,10
63,10
17,9
28,10
40,10
63,9
30,10
18,10
3,10
155,9
50,10
16,10
24,10
21,8
44,0
38,0
59,10
37,8
12,9
67,9
96,10
39,10
19,10
86,0
55,8
69,0
9,0
193,0
24,9
14,9
13,0
39,10
29,9
47,9
24,10
24,10
56,0
59,8
13,9
25,0
8,0
39,8
12,8
24,0
28,7
32,9
14,10
18,10
96,10
56,0
20,10
62,10
15,9
35,7
17,0
10,0
19,0
26,0
18,10
16,9
30,0
12,9
1,10
50,0
9,7
13,10
33,8
32,9
95,7
13,8
48,5
20,0
20,8
58,5
24,8
27,0
20,7
19,8
13,3
16,0
34,0
14,8
54,9
60,9
51,8
44,8
16,7
48,9
14,0
12,9
25,8
6,0
43,0
29,0
87,8
52,9
35,8
38,5
50,7
53,7
21,8
26,8
25,8
79,0
7,8
29,8
13,8
22,5
14,9
17,0
40,8
54,10
15,10
48,10
9,0
31,10
42,0
38,8
43,0
16,0
26,0
16,7
13,0
34,0
22,0
39,0
87,0
43,0
33,0
24,10
202,0
192,0
19,0
38,0
16,0
25,8
18,0
20,0
34,0
24,5
444,0
22,8
22,0
151,7
10,7
12,0
11,0
31,0
51,6
43,7
18,5
44,9
30,0
39,0
61,0
72,8
40,10
48,7
16,0
169,8
7,8
47,10
28,0
91,0
26,8
15,0
31,0
39,0
40,8
29,0
1,0
48,0
3,0
62,6
177,0
91,6
33,2
15,8
30,6
80,8
35,0
11,10
11,0
13,8
15,0
207,10
15,9
23,8
31,0
17,0
11,0
21,0
525,7
39,7
34,9
48,9
8,9
43,10
16,0
43,0
36,8
6,7
30,10
9,9
14,8
169,0
9,6
45,8
55,0
10,7
28,8
12,6
15,0
21,0
7,0
23,0
35,9
39,6
17,0
64,0
58,7
13,8
15,7
21,7
32,0
114,10
19,9
26,10
58,9
9,0
21,0
38,10
20,10
13,9
29,8
17,0
11,0
25,6
32,0
77,0
28,0
24,0
30,0
38,0
23,0
37,0
34,0
450,0
47,0
19,0
7,10
26,7
40,0
21,0
18,9
23,0
40,0
55,0
80,9
43,0
48,0
262,0
28,10
22,0
45,0
31,0
47,0
24,0
54,0
14,0
24,0
28,0
179,0
32,0
39,0
20,7
100,0
10,0
21,0
135,0
126,0
22,0
52,0
69,0
4,0
64,0
64,0
24,0
10,0
28,0
32,0
21,0
17,5
62,4
12,2
26,10
15,9
26,0
34,10
32,10
37,10
44,10
348,9
23,10
29,10
23,9
10,10
219,10
34,10
41,9
9,10
27,10
30,10
29,8
3,0
22,0
28,10
42,8
76,9
4,9
32,10
59,10
49,10
14,0
42,8
15,0
10,0
67,0
40,9
53,9
66,0
31,10
104,9
52,9
79,10
17,10
109,0
22,8
28,9
8,0
14,0
57,8
28,8
25,0
21,7
38,9
66,10
14,10
36,10
54,0
113,10
23,10
41,9
23,7
53,0
8,0
11,0
213,0
15,10
10,9
230,0
11,9
224,10
22,0
52,7
75,10
97,8
49,9
22,7
23,8
30,5
11,0
49,8
36,5
26,8
24,0
31,7
18,8
17,3
87,0
16,0
19,8
22,9
259,9
6,8
7,8
28,7
17,9
27,0
6,9
42,8
17,0
161,0
72,0
10,8
71,9
38,8
25,5
84,7
13,7
36,8
8,8
15,8
37,0
53,8
15,8
36,8
4,5
16,9
10,0
15,8
28,10
27,10
46,10
41,0
21,10
30,0
24,8
6,0
20,0
35,0
14,7
43,0
21,0
14,0
12,0
17,0
11,0
32,0
27,10
20,0
36,0
19,0
14,0
24,0
52,8
17,0
80,0
37,0
17,5
24,0
31,8
25,0
30,7
19,7
82,0
9,0
70,0
34,6
26,7
22,5
50,9
12,0
6,0
26,0
22,8
52,10
19,7
24,0
9,8
10,8
4,10
8,0
13,0
32,8
51,0
5,0
30,0
30,8
3,0
43,0
96,0
12,0
49,6
49,0
23,6
322,2
11,8
9,6
2,8
6,0
17,10
41,0
20,8
38,0
48,10
30,9
77,8
36,0
19,0
15,0
37,0
63,7
36,7
53,9
15,9
43,9
21,10
109,0
48,0
50,8
25,7
17,10
42,9
20,8
16,0
62,6
29,8
48,0
33,7
23,8
23,6
19,0
21,0
165,0
172,0
26,9
5,6
35,0
57,0
48,7
374,8
45,7
7,7
27,0
5,10
65,9
12,10
13,9
15,0
30,0
45,10
49,10
19,9
74,8
231,0
71,0
24,6
50,0
46,0
48,0
17,0
29,0
77,0
13,0
64,0
22,0
47,0
16,0
53,0
57,10
37,7
54,0
20,0
64,9
23,0
3,0
48,0
28,9
23,0
25,0
184,0
4,10
28,0
26,0
8,0
47,0
25,0
32,0
9,0
39,0
84,0
10,0
46,0
21,0
19,7
1,0
47,0
39,0
8,0
59,0
39,0
6,0
30,0
41,0
41,0
17,0
16,0
11,0
18,0
29,0
52,0
41,5
28,4
38,2
75,10
29,9
39,0
12,10
63,10
20,10
19,10
8,9
65,10
1,10
60,9
25,10
40,10
25,10
19,9
13,10
38,10
15,10
13,8
42,0
16,0
49,10
49,8
14,9
65,9
11,10
13,10
24,10
22,0
21,8
35,0
25,0
25,0
38,9
11,9
30,0
349,10
6,9
5,9
7,10
40,10
4,0
50,8
90,9
119,0
10,0
14,8
6,8
16,0
18,7
30,9
20,10
9,10
27,10
30,0
32,10
89,10
21,9
8,7
12,0
77,0
64,0
35,0
28,10
27,9
20,0
11,9
62,10
28,0
80,7
124,10
27,8
53,9
16,7
5,8
49,5
2,0
41,8
13,5
71,8
12,0
49,7
44,8
17,3
12,0
180,0
22,8
31,9
26,9
25,8
68,8
361,7
34,9
21,0
11,9
19,8
23,0
13,0
24,0
20,8
35,9
16,8
20,5
17,7
65,7
81,8
29,8
7,8
38,0
50,8
5,8
16,8
10,5
42,9
35,0
62,8
12,10
80,10
94,10
34,0
11,10
75,0
33,8
49,0
55,0
24,0
7,7
34,0
53,0
5,0
6,0
28,0
42,0
14,0
8,10
30,0
335,0
21,0
20,0
222,0
29,8
48,0
13,0
38,0
192,5
64,0
30,8
43,0
26,7
9,7
19,0
22,0
67,0
29,6
56,7
230,5
14,9
26,0
37,0
41,0
30,8
31,10
153,7
21,0
9,8
33,8
41,10
24,0
79,0
34,8
17,0
9,0
11,0
29,8
42,0
13,0
22,0
11,0
68,6
43,0
36,6
14,2
56,8
47,6
28,8
48,0
7,10
41,0
9,8
17,0
63,10
278,9
5,8
63,0
22,0
30,0
26,0
18,7
33,7
11,9
41,9
22,9
52,10
9,0
55,0
272,8
41,7
41,10
18,9
94,8
75,0
14,6
13,8
51,0
14,7
22,8
15,6
25,0
52,0
26,0
18,0
7,9
5,6
14,0
103,0
25,7
8,8
19,7
15,7
23,0
34,10
29,9
27,10
14,9
50,0
44,0
16,10
38,10
17,9
28,8
8,0
52,0
30,6
28,0
5,0
75,0
36,0
64,0
27,0
44,0
28,0
37,0
26,0
32,0
13,0
22,10
49,7
31,0
22,0
40,9
17,0
17,0
32,0
127,9
70,0
43,0
50,0
8,10
12,0
78,0
25,0
27,0
8,0
8,0
24,0
13,0
83,0
25,0
30,0
32,0
17,7
36,0
75,0
41,0
100,0
20,0
311,0
42,0
7,0
37,0
64,0
16,0
13,0
11,0
21,0
42,0
33,0
13,5
19,4
35,2
25,10
3,9
34,0
14,10
24,10
52,10
32,10
18,9
52,10
10,10
28,9
40,10
7,10
37,10
50,9
90,10
93,10
30,10
20,8
62,0
18,0
16,10
60,8
9,9
10,9
8,10
35,10
17,10
60,0
63,8
21,0
24,0
83,0
37,9
54,9
276,0
32,10
24,9
17,9
38,10
6,10
40,0
38,8
28,9
16,0
59,0
46,8
59,8
28,0
24,7
30,9
48,10
14,10
9,10
37,0
11,10
15,10
25,9
14,7
18,0
55,0
34,0
31,0
8,10
37,9
17,0
14,9
50,10
44,0
81,7
7,10
8,8
29,9
49,7
46,8
32,5
3,0
33,8
11,5
25,8
35,0
43,7
10,8
53,3
16,0
85,0
36,8
20,9
9,9
19,8
16,8
23,7
8,9
53,0
34,9
2,8
23,0
17,0
48,0
32,8
344,9
201,8
25,5
26,7
17,7
27,8
44,8
21,8
40,0
2,8
9,8
25,8
14,5
27,9
71,0
22,8
10,10
18,10
13,10
29,0
34,10
10,0
21,8
14,0
31,0
23,0
35,7
88,0
21,0
32,0
69,0
20,0
233,0
247,0
34,10
44,0
31,0
59,0
13,0
11,0
10,8
55,0
9,0
61,0
11,5
34,0
31,8
9,0
47,7
26,7
21,0
35,0
102,0
81,6
14,7
11,5
27,9
23,0
53,0
21,0
47,8
110,10
6,7
30,0
96,8
20,8
30,10
81,0
8,0
54,8
73,0
47,0
16,0
32,8
49,0
30,0
48,0
20,0
19,6
23,0
9,6
27,2
51,8
19,6
67,8
77,0
15,10
59,0
18,8
16,0
18,10
50,9
37,8
216,0
373,0
20,0
29,0
24,7
17,7
479,9
13,9
59,9
25,10
19,0
6,0
12,8
10,7
25,10
33,9
22,8
19,0
22,6
13,8
19,0
17,7
23,8
19,6
25,0
192,0
37,0
105,0
20,9
35,6
23,0
14,0
39,7
10,8
10,7
19,7
23,0
64,10
24,9
10,10
20,9
2,0
25,0
23,10
50,10
29,9
18,8
203,0
14,0
14,6
4,0
36,0
2,0
60,0
39,0
10,0
50,0
15,0
8,0
30,0
27,0
52,0
19,10
59,7
39,0
26,0
19,9
55,0
16,0
232,0
10,9
14,0
26,0
31,0
25,10
10,0
72,0
14,0
17,0
51,0
34,0
13,0
22,0
129,0
10,0
38,0
6,0
20,7
54,0
52,0
36,0
12,0
48,0
27,0
24,0
26,0
18,0
16,0
24,0
13,0
82,0
2,0
28,0
30,0
12,5
10,4
24,2
14,10
21,9
40,0
17,10
16,10
28,10
22,10
26,9
29,10
27,10
34,9
108,10
16,10
13,10
30,9
341,10
63,10
53,10
47,8
22,0
18,0
40,10
25,8
42,9
15,9
19,10
114,10
8,10
11,0
59,8
2,0
27,0
13,0
411,9
16,9
27,0
27,10
13,9
35,9
31,10
22,10
59,0
5,8
22,9
36,0
63,0
80,8
16,8
25,0
9,7
29,9
25,10
22,10
30,10
11,0
454,10
62,10
38,9
16,7
52,0
19,0
15,0
78,0
20,10
47,9
44,0
33,9
72,10
50,0
199,7
26,10
71,8
6,9
14,7
48,8
21,5
12,0
27,8
9,5
54,8
47,0
36,7
28,8
26,3
15,0
72,0
19,8
32,9
34,9
173,8
53,8
21,7
21,9
62,0
12,9
37,8
24,0
5,0
15,0
8,8
18,9
55,8
18,5
52,7
13,7
29,8
42,8
86,8
45,0
10,8
41,8
140,8
25,5
18,9
34,0
126,8
26,10
115,10
16,10
49,0
42,10
313,0
13,8
31,0
39,0
16,0
14,7
14,0
52,0
24,0
29,0
51,0
46,0
2,0
54,10
71,0
41,0
27,0
48,0
9,0
29,8
30,0
9,0
36,0
58,5
39,0
27,8
55,0
11,7
23,7
115,0
36,0
40,0
30,6
10,7
10,5
16,9
8,0
25,0
67,0
20,8
44,10
24,7
4,0
23,8
23,8
100,10
128,0
24,0
62,8
50,0
10,0
35,0
42,8
23,0
41,0
42,0
43,0
92,6
105,0
15,6
2,2
35,8
6,6
49,8
23,0
55,10
78,0
42,8
70,0
37,10
25,9
81,8
92,0
60,0
19,0
20,0
1,7
17,7
29,9
11,9
60,9
37,10
37,0
27,0
76,8
9,7
24,10
35,9
12,8
18,0
10,6
39,8
33,0
29,7
30,8
18,6
316,0
14,0
17,0
30,0
4,9
57,6
52,0
54,0
486,7
31,8
58,7
40,7
24,0
29,10
93,9
21,10
25,9
36,0
27,0
26,10
74,10
16,9
13,8
25,0
50,0
11,6
33,0
23,0
90,0
22,0
6,0
5,0
10,0
36,0
20,0
59,0
29,0
16,0
12,10
19,7
25,0
46,0
20,9
33,0
9,0
34,0
27,9
40,0
15,0
23,0
29,10
60,0
33,0
5,0
6,0
51,0
26,0
40,0
91,0
22,0
8,0
355,0
47,0
25,7
12,0
55,0
8,0
7,0
44,0
18,0
41,0
8,0
36,0
26,0
22,0
45,0
19,0
15,0
59,0
33,0
14,5
12,4
33,2
5,10
72,9
82,0
28,10
42,10
37,10
25,10
20,9
294,10
40,10
45,9
10,10
31,10
34,10
46,9
53,10
60,10
31,10
21,8
31,0
9,0
24,10
7,8
46,9
10,9
51,10
79,10
37,10
20,0
78,8
18,0
6,0
32,0
24,9
9,9
58,0
31,10
42,9
14,9
45,10
9,10
3,0
13,8
34,9
20,0
12,0
20,8
24,8
20,0
16,7
18,9
61,10
49,10
14,10
58,0
52,10
9,10
32,9
7,7
13,0
24,0
17,0
4,0
19,10
12,9
24,0
11,9
21,10
7,0
24,7
15,10
10,8
29,9
14,7
13,8
15,5
32,0
5,8
16,5
7,8
4,0
13,7
25,8
36,3
6,0
15,0
45,8
2,9
37,9
62,8
43,8
15,7
24,9
12,0
15,9
25,8
2,0
67,0
21,0
27,8
33,9
46,8
53,5
35,7
7,7
5,8
44,8
65,8
6,0
9,8
64,8
44,8
42,5
21,9
40,0
22,8
25,10
54,10
4,10
3,0
14,10
32,0
13,8
11,0
34,0
18,0
47,7
23,0
13,0
15,0
3,0
14,0
51,0
24,0
24,10
32,0
8,0
14,0
9,0
16,0
27,8
83,0
21,0
87,0
47,5
162,0
52,8
13,0
13,7
4,7
4,0
3,0
9,0
22,6
27,7
14,5
140,9
20,0
34,0
21,0
48,8
43,10
27,7
68,0
13,8
26,8
6,10
22,0
4,0
30,8
19,0
27,0
15,0
47,8
23,0
27,0
25,0
28,0
16,6
53,0
18,6
33,2
19,8
34,6
40,8
29,0
30,10
27,0
26,8
24,0
16,10
20,9
9,8
21,0
16,0
33,0
12,0
54,7
52,7
25,9
38,9
53,9
37,10
13,0
16,0
20,8
45,7
70,10
17,9
53,8
7,0
58,6
34,8
23,0
50,7
44,8
25,6
51,0
21,0
5,0
86,0
25,9
30,6
120,0
12,0
33,7
56,8
21,7
55,7
19,0
37,10
45,9
6,10
34,9
39,0
14,0
18,10
18,10
11,9
15,8
29,0
23,0
15,6
34,0
59,0
45,0
32,0
15,0
23,0
28,0
3,0
18,0
413,0
8,0
77,0
11,10
47,7
7,0
22,0
16,9
20,0
65,0
114,0
25,9
7,0
80,0
69,0
16,10
24,0
16,0
8,0
20,0
94,0
10,0
15,0
30,0
51,0
20,0
23,0
19,0
29,7
16,0
21,0
66,0
442,0
6,0
15,0
12,0
26,0
29,0
6,0
28,0
93,0
33,0
7,0
31,0
45,0
9,5
19,4
14,2
7,10
35,9
8,0
40,10
29,10
26,10
30,10
9,9
20,10
18,10
190,9
13,10
10,10
19,10
48,9
27,10
35,10
63,10
20,8
19,0
37,0
29,10
22,8
19,9
28,9
75,10
3,10
156,10
21,0
46,8
19,0
49,0
82,0
456,9
41,9
17,0
19,10
18,9
21,9
27,10
276,10
34,0
79,8
4,9
5,0
13,0
97,8
17,8
11,0
69,7
11,9
31,10
47,10
37,10
17,0
20,10
2,10
9,9
39,7
43,0
37,0
8,0
52,0
48,10
22,9
38,0
12,9
18,10
20,0
33,7
24,10
37,8
2,9
52,7
2,8
30,5
38,0
31,8
16,5
36,8
13,0
11,7
10,8
19,3
27,0
96,0
26,8
42,9
39,9
26,8
25,8
13,7
15,9
30,0
18,9
51,8
13,0
40,0
11,0
6,8
25,9
54,8
17,5
14,7
23,7
56,8
18,8
27,8
43,0
28,8
20,8
28,8
11,5
60,9
9,0
39,8
12,10
33,10
122,10
22,0
17,10
2,0
30,8
9,0
43,0
35,0
21,7
55,0
33,0
174,0
8,0
81,0
47,0
79,0
43,10
34,0
37,0
46,0
51,0
24,0
7,8
5,0
7,0
32,0
12,5
12,0
13,8
35,0
19,7
10,7
18,0
17,0
14,0
58,6
54,7
16,5
27,9
18,0
20,0
43,0
51,8
35,10
25,7
33,0
29,8
21,8
15,10
60,0
17,0
102,8
9,0
19,0
7,0
75,8
3,0
20,0
43,0
12,0
20,6
21,0
75,6
53,2
25,8
87,6
440,8
33,0
12,10
8,0
24,8
62,0
24,10
13,9
15,8
37,0
24,0
11,0
13,0
39,7
147,7
21,9
22,9
277,9
68,10
20,0
35,0
155,8
10,7
13,10
6,9
20,8
42,0
5,6
47,8
47,0
29,7
5,8
82,6
29,0
10,0
30,0
29,0
86,9
62,6
169,0
6,0
5,7
18,8
50,7
25,7
46,0
27,10
2,9
57,10
10,9
41,0
49,0
39,10
30,10
33,9
20,8
35,0
1,0
55,6
11,0
24,0
40,0
39,0
28,0
47,0
25,0
34,0
28,0
47,0
11,0
24,0
22,10
20,7
32,0
15,0
53,9
2,0
316,0
21,0
45,9
11,0
12,0
16,0
25,10
34,0
149,0
18,0
28,0
2,0
61,0
13,0
19,0
42,0
4,0
283,0
27,0
13,7
45,0
16,0
18,0
1,0
23,0
28,0
8,0
26,0
26,0
133,0
18,0
57,0
45,0
18,0
24,0
22,0
35,5
36,4
3,2
20,10
12,9
6,0
57,10
23,10
23,10
28,10
19,9
49,10
8,10
30,9
23,10
21,10
44,10
18,9
47,10
48,10
38,10
9,8
6,0
25,0
42,10
27,8
10,9
38,9
25,10
15,10
12,10
14,0
20,8
6,0
19,0
22,0
25,9
13,9
144,0
26,10
1,9
23,9
4,10
18,10
398,0
23,8
40,9
15,0
7,0
24,8
19,8
29,0
21,7
21,9
36,10
83,10
23,10
24,0
11,10
50,10
43,9
31,7
38,0
72,0
56,0
56,0
9,10
36,9
42,0
79,9
35,10
34,0
49,7
28,10
99,8
16,9
18,7
47,8
11,5
37,0
22,8
228,5
33,8
15,0
7,7
25,8
80,3
60,0
20,0
34,8
31,9
39,9
10,8
20,8
14,7
34,9
68,0
49,9
27,8
176,0
37,0
51,0
26,8
47,9
41,8
16,5
12,7
40,7
41,8
39,8
20,8
112,0
26,8
8,8
26,8
2,5
38,9
27,0
84,8
24,10
32,10
66,10
16,0
48,10
11,0
9,8
13,0
3,0
18,0
8,7
16,0
50,0
27,0
22,0
15,0
31,0
16,0
5,10
7,0
11,0
18,0
10,0
50,0
47,8
14,0
26,0
24,0
43,5
17,0
54,8
25,0
46,7
86,7
61,0
49,0
20,0
43,6
21,7
18,5
61,9
35,0
19,0
8,0
21,8
53,10
24,7
18,0
14,8
20,8
16,10
20,0
18,0
6,8
21,0
39,0
38,0
9,8
17,0
6,0
41,0
36,0
30,6
28,0
13,6
27,2
12,8
81,6
6,8
28,0
8,10
36,0
22,8
26,0
81,10
58,9
23,8
58,0
29,0
281,0
18,0
20,7
16,7
3,9
24,9
48,9
190,10
29,0
8,0
13,8
10,7
269,10
33,9
44,8
15,0
22,6
17,8
3,0
72,7
27,8
12,6
21,0
52,0
17,0
11,0
24,9
77,6
54,0
34,0
25,7
31,8
25,7
9,7
5,0
58,10
11,9
13,10
40,9
38,0
18,0
12,10
17,10
45,9
72,8
15,0
44,0
12,6
22,0
5,0
7,0
22,0
48,0
343,0
30,0
4,0
51,0
12,0
28,0
13,0
10,10
8,7
57,0
2,0
20,9
11,0
72,0
23,0
27,9
21,0
9,0
24,0
5,10
35,0
6,0
55,0
12,0
43,0
13,0
22,0
41,0
18,0
21,0
48,0
8,0
19,7
67,0
11,0
27,0
22,0
53,0
38,0
18,0
10,0
34,0
29,0
77,0
51,0
47,0
22,0
40,0
10,0
33,5
37,4
31,2
36,10
45,9
13,0
32,10
8,10
22,10
46,10
52,9
53,10
17,10
40,9
24,10
26,10
32,10
53,9
11,10
21,10
11,10
15,8
58,0
24,0
45,10
11,8
25,9
7,9
41,10
22,10
13,10
32,0
2,8
53,0
22,0
28,0
12,9
45,9
16,0
32,10
105,9
27,9
28,10
37,10
11,0
19,8
24,9
43,0
42,0
16,8
13,8
22,0
18,7
10,9
20,10
26,10
33,10
52,0
32,10
25,10
46,9
2,7
34,0
45,0
9,0
13,0
7,10
38,9
45,0
22,9
19,10
37,0
34,7
72,10
18,8
5,9
26,7
10,8
31,5
19,0
19,8
53,5
14,8
76,0
16,7
14,8
22,3
25,0
15,0
36,8
31,9
10,9
26,8
73,8
6,7
36,9
36,0
34,9
72,8
23,0
34,0
67,0
24,8
8,9
28,8
52,5
38,7
40,7
24,8
55,8
70,8
57,0
11,8
58,8
1,8
16,5
39,9
24,0
16,8
29,10
44,10
9,10
40,0
37,10
26,0
27,8
2,0
199,0
19,0
19,7
60,0
7,0
31,0
